timestamp,user_message,bot_response
2025-05-08T23:52:39.383943,Quels sont les programmes disponibles ?,"Voici les formations disponibles √† l'ISET Sfax :

1. üìö Licence Nationale en Technologies de l'Informatique
   - Type : Formation initiale et √† distance
   - Description : Formation en d√©veloppement logiciel, r√©seaux et syst√®mes informatiques

2. Mast√®res professionnels :
   üìö Administration des Syst√®mes, S√©curit√© et Cloud Computing (ASSCC)
   - Type : Mast√®re Professionnel
   - Description : Sp√©cialisation en administration syst√®me, s√©curit√© informatique et technologies cloud

   üìö D√©veloppement des Syst√®mes Informatiques et R√©seaux (DSIR)
   - Type : Mast√®re Professionnel
   - Description : Sp√©cialisation en d√©veloppement d'applications et gestion des r√©seaux

"
